{"schema":5,"addons":[{"id":"addon@darkreader.org","icons":{"32":"https://addons.cdn.mozilla.net/user-media/addon_icons/855/855413-32.png?modified=7a53288d","64":"https://addons.cdn.mozilla.net/user-media/addon_icons/855/855413-64.png?modified=7a53288d","128":"https://addons.cdn.mozilla.net/user-media/addon_icons/855/855413-128.png?modified=7a53288d"},"name":"Dark Reader","version":"4.8.4","sourceURI":"https://addons.mozilla.org/firefox/downloads/file/3436917/dark_reader-4.8.4-an+fx.xpi?src=","homepageURL":"http://darkreader.org/","supportURL":"https://github.com/darkreader/darkreader","description":"Тёмная тема для каждого сайта. Берегите зрение, используйте Дарк Ридер для ночного или ежедневного просмотра веб-страниц.","fullDescription":"Это расширение переводит браузер в ночной режим. Дарк Ридер заменяет светлый фон тёмным, что снижает усталость глаз при долгой работе за компьютером либо при просмотре веб-страниц ночью.\n\nИмеется возможность настраивать яркость, контрастность, шрифт, режим инверсии, режим наложения жёлтого фильтра (сепия).\n\nDark Reader не встраивает рекламу и не собирает пользовательские данные. Весь исходный код открыт https://github.com/darkreader/darkreader\n\nПеред установкой отключите подобные расширения. Приятного просмотра!","weeklyDownloads":31136,"type":"extension","creator":{"name":"Alexander Shutau","url":"https://addons.mozilla.org/ru/firefox/user/13299734/"},"developers":[],"screenshots":[{"url":"https://addons.cdn.mozilla.net/user-media/previews/full/201/201069.png?modified=1545252760","width":2400,"height":1500,"thumbnailURL":"https://addons.cdn.mozilla.net/user-media/previews/thumbs/201/201069.png?modified=1545252760","thumbnailWidth":640,"thumbnailHeight":400,"caption":"Dark Reader night theme mode"},{"url":"https://addons.cdn.mozilla.net/user-media/previews/full/201/201070.png?modified=1545252760","width":2400,"height":1500,"thumbnailURL":"https://addons.cdn.mozilla.net/user-media/previews/thumbs/201/201070.png?modified=1545252760","thumbnailWidth":640,"thumbnailHeight":400,"caption":"Dark Reader filter settings"}],"contributionURL":"https://opencollective.com/darkreader","averageRating":4.5864,"reviewCount":584,"reviewURL":"https://addons.mozilla.org/ru/firefox/addon/darkreader/reviews/","updateDate":1572601761000},{"id":"FirefoxColor@mozilla.com","icons":{"32":"https://addons.cdn.mozilla.net/user-media/addon_icons/1004/1004409-32.png?modified=25bcff7a","64":"https://addons.cdn.mozilla.net/user-media/addon_icons/1004/1004409-64.png?modified=25bcff7a","128":"https://addons.cdn.mozilla.net/user-media/addon_icons/1004/1004409-128.png?modified=25bcff7a"},"name":"Firefox Color","version":"2.1.5","sourceURI":"https://addons.mozilla.org/firefox/downloads/file/3387078/firefox_color-2.1.5-fx.xpi?src=","homepageURL":"https://color.firefox.com","supportURL":null,"description":"Build, save and share beautiful Firefox themes.","fullDescription":null,"weeklyDownloads":2262,"type":"extension","creator":{"name":"Mozilla","url":"https://addons.mozilla.org/ru/firefox/user/4757633/"},"developers":[],"screenshots":[{"url":"https://addons.cdn.mozilla.net/user-media/previews/full/216/216725.png?modified=1553195362","width":2174,"height":1800,"thumbnailURL":"https://addons.cdn.mozilla.net/user-media/previews/thumbs/216/216725.png?modified=1553195362","thumbnailWidth":580,"thumbnailHeight":480},{"url":"https://addons.cdn.mozilla.net/user-media/previews/full/216/216723.png?modified=1553195362","width":2174,"height":1800,"thumbnailURL":"https://addons.cdn.mozilla.net/user-media/previews/thumbs/216/216723.png?modified=1553195362","thumbnailWidth":580,"thumbnailHeight":480},{"url":"https://addons.cdn.mozilla.net/user-media/previews/full/216/216724.png?modified=1553195362","width":2174,"height":1800,"thumbnailURL":"https://addons.cdn.mozilla.net/user-media/previews/thumbs/216/216724.png?modified=1553195362","thumbnailWidth":580,"thumbnailHeight":480}],"contributionURL":"","averageRating":4.46,"reviewCount":68,"reviewURL":"https://addons.mozilla.org/ru/firefox/addon/firefox-color/reviews/","updateDate":1566985523000},{"id":"langpack-en-GB@firefox.mozilla.org","icons":{"32":"https://addons.cdn.mozilla.net/static/img/addon-icons/default-32.png","64":"https://addons.cdn.mozilla.net/static/img/addon-icons/default-64.png","128":"https://addons.cdn.mozilla.net/static/img/addon-icons/default-128.png"},"name":"English (GB) Language Pack","version":"71.0buildid20191111170815","sourceURI":"https://addons.mozilla.org/firefox/downloads/file/3444430/english_gb_language_pack-71.0buildid20191111170815-fx.xpi?src=","homepageURL":null,"supportURL":null,"description":"English (GB) Language Pack","fullDescription":null,"weeklyDownloads":4248,"type":"locale","creator":{"name":"Mozilla","url":"https://addons.mozilla.org/ru/firefox/user/4757633/"},"developers":[],"screenshots":[],"contributionURL":"","averageRating":3.4278,"reviewCount":215,"reviewURL":"https://addons.mozilla.org/ru/firefox/addon/english-gb-language-pack/reviews/","updateDate":1573508414000},{"id":"langpack-ru@firefox.mozilla.org","icons":{"32":"https://addons.cdn.mozilla.net/static/img/addon-icons/default-32.png","64":"https://addons.cdn.mozilla.net/static/img/addon-icons/default-64.png","128":"https://addons.cdn.mozilla.net/static/img/addon-icons/default-128.png"},"name":"Russian (RU) Language Pack","version":"71.0buildid20191111170815","sourceURI":"https://addons.mozilla.org/firefox/downloads/file/3444397/russian_ru_language_pack-71.0buildid20191111170815-fx.xpi?src=","homepageURL":null,"supportURL":null,"description":"Russian (RU) Language Pack","fullDescription":null,"weeklyDownloads":896,"type":"locale","creator":{"name":"Mozilla","url":"https://addons.mozilla.org/ru/firefox/user/4757633/"},"developers":[],"screenshots":[],"contributionURL":"","averageRating":4.1878,"reviewCount":58,"reviewURL":"https://addons.mozilla.org/ru/firefox/addon/russian-ru-language-pack/reviews/","updateDate":1573508111000},{"id":"langpack-en-CA@firefox.mozilla.org","icons":{"32":"https://addons.cdn.mozilla.net/static/img/addon-icons/default-32.png","64":"https://addons.cdn.mozilla.net/static/img/addon-icons/default-64.png","128":"https://addons.cdn.mozilla.net/static/img/addon-icons/default-128.png"},"name":"English (CA) Language Pack","version":"71.0buildid20191111170815","sourceURI":"https://addons.mozilla.org/firefox/downloads/file/3444427/english_ca_language_pack-71.0buildid20191111170815-fx.xpi?src=","homepageURL":null,"supportURL":null,"description":"Language pack for Firefox for en-CA","fullDescription":null,"weeklyDownloads":263,"type":"locale","creator":{"name":"Mozilla","url":"https://addons.mozilla.org/ru/firefox/user/4757633/"},"developers":[],"screenshots":[],"contributionURL":"","averageRating":4.375,"reviewCount":2,"reviewURL":"https://addons.mozilla.org/ru/firefox/addon/english-ca-language-pack/reviews/","updateDate":1573508411000},{"id":"langpack-ach@firefox.mozilla.org","icons":{"32":"https://addons.cdn.mozilla.net/static/img/addon-icons/default-32.png","64":"https://addons.cdn.mozilla.net/static/img/addon-icons/default-64.png","128":"https://addons.cdn.mozilla.net/static/img/addon-icons/default-128.png"},"name":"Acholi (UG) Language Pack","version":"71.0buildid20191111170815","sourceURI":"https://addons.mozilla.org/firefox/downloads/file/3444398/acholi_ug_language_pack-71.0buildid20191111170815-fx.xpi?src=","homepageURL":null,"supportURL":null,"description":"Acholi (UG) Language Pack","fullDescription":null,"weeklyDownloads":13,"type":"locale","creator":{"name":"Mozilla","url":"https://addons.mozilla.org/ru/firefox/user/4757633/"},"developers":[],"screenshots":[],"contributionURL":"","averageRating":4.4138,"reviewCount":5,"reviewURL":"https://addons.mozilla.org/ru/firefox/addon/acholi-ug-language-pack/reviews/","updateDate":1573508112000},{"id":"chrome-gnome-shell@gnome.org","icons":{"32":"https://addons.cdn.mozilla.net/user-media/addon_icons/751/751081-32.png?modified=1521616823","64":"https://addons.cdn.mozilla.net/user-media/addon_icons/751/751081-64.png?modified=1521616823","128":"https://addons.cdn.mozilla.net/user-media/addon_icons/751/751081-128.png?modified=1521616823"},"name":"GNOME Shell integration","version":"10.1","sourceURI":"https://addons.mozilla.org/firefox/downloads/file/898030/gnome_shell_integration-10.1-an+fx-linux.xpi?src=","homepageURL":"https://wiki.gnome.org/Projects/GnomeShellIntegrationForChrome","supportURL":"https://bugzilla.gnome.org","description":"This extension provides integration with GNOME Shell and the corresponding extensions repository https://extensions.gnome.org","fullDescription":"Вы ДОЛЖНЫ установить нативный хост-коннектор для работы этого расширения веб-браузера.\n\nPKGBUILD для Arch Linux доступен в AUR: https://aur.archlinux.org/packages/chrome-gnome-shell-git\n\nДля Debian, Fedora, Gentoo и Ubuntu вы можете установить пакет «chrome-gnome-shell».\n\nВы также можете установить коннектор вручную. Инструкция по установке находится по адресу https://wiki.gnome.org/Projects/GnomeShellIntegrationForChrome/Installation/ru.","weeklyDownloads":3254,"type":"extension","creator":{"name":"Yuri Konotopov","url":"https://addons.mozilla.org/ru/firefox/user/12725919/"},"developers":[],"screenshots":[{"url":"https://addons.cdn.mozilla.net/user-media/previews/full/183/183915.png?modified=1543520728","width":700,"height":438,"thumbnailURL":"https://addons.cdn.mozilla.net/user-media/previews/thumbs/183/183915.png?modified=1543520728","thumbnailWidth":640,"thumbnailHeight":400}],"contributionURL":"","averageRating":4.2119,"reviewCount":56,"reviewURL":"https://addons.mozilla.org/ru/firefox/addon/gnome-shell-integration/reviews/","updateDate":1521613807000},{"id":"jid1-o2qEVrZ4t5FJWu@jetpack","icons":{"32":"https://addons.cdn.mozilla.net/user-media/addon_icons/603/603480-32.png?modified=e2fa6b86","64":"https://addons.cdn.mozilla.net/user-media/addon_icons/603/603480-64.png?modified=e2fa6b86","128":"https://addons.cdn.mozilla.net/user-media/addon_icons/603/603480-128.png?modified=e2fa6b86"},"name":"Flash-HTML5 Player for YouTube™","version":"0.1.9","sourceURI":"https://addons.mozilla.org/firefox/downloads/file/969624/flash_html5_player_for_youtubetm-0.1.9-an+fx.xpi?src=","homepageURL":"http://mybrowseraddon.com/youtube-flash-html.html","supportURL":"http://mybrowseraddon.com/youtube-flash-html.html","description":"Play YouTube™ Videos in Flash or HTML5 Player","fullDescription":"YouTube™ Flash-HTML allows you to play YouTube Videos in Flash or HTML5 player.\n\nImportant Features:\n1. Allows you to play YouTube in Flash or HTML5 player.\n2. Easily switch the player type from toolbar popup.\n3. Flash player consumes less resources (i.e. CPU and RAM) and offers more resolution choices comparing to HTML5 Player.\n4. HTML5 player is useful when Adobe Flash is disabled by your company or school. Note: to enable HTML5 player you need to activate HTML5 from: https://www.youtube.com/html5\n\nNote 1: To enable HTML5 player you need to activate HTML5 from: https://www.youtube.com/html5\n\nNote 2: In order to report Bugs, please visit Addon's Homepage and fill the Bug report form.","weeklyDownloads":1983,"type":"extension","creator":{"name":"Allen","url":"https://addons.mozilla.org/ru/firefox/user/11630876/"},"developers":[],"screenshots":[{"url":"https://addons.cdn.mozilla.net/user-media/previews/full/192/192225.png?modified=1543520456","width":700,"height":517,"thumbnailURL":"https://addons.cdn.mozilla.net/user-media/previews/thumbs/192/192225.png?modified=1543520456","thumbnailWidth":640,"thumbnailHeight":473},{"url":"https://addons.cdn.mozilla.net/user-media/previews/full/156/156626.png?modified=1543520458","width":628,"height":525,"thumbnailURL":"https://addons.cdn.mozilla.net/user-media/previews/thumbs/156/156626.png?modified=1543520458","thumbnailWidth":574,"thumbnailHeight":480,"caption":"toolbar popup UI"},{"url":"https://addons.cdn.mozilla.net/user-media/previews/full/156/156628.png?modified=1543520459","width":700,"height":473,"thumbnailURL":"https://addons.cdn.mozilla.net/user-media/previews/thumbs/156/156628.png?modified=1543520459","thumbnailWidth":640,"thumbnailHeight":432},{"url":"https://addons.cdn.mozilla.net/user-media/previews/full/156/156630.png?modified=1543520461","width":700,"height":473,"thumbnailURL":"https://addons.cdn.mozilla.net/user-media/previews/thumbs/156/156630.png?modified=1543520461","thumbnailWidth":640,"thumbnailHeight":432}],"contributionURL":"https://paypal.me/supportdevelopment/10usd","averageRating":4.0774,"reviewCount":69,"reviewURL":"https://addons.mozilla.org/ru/firefox/addon/youtube-flash-html5/reviews/","updateDate":1535730789000},{"id":"{21f69c5d-b9e1-470f-a890-74454e954eee}","icons":{"32":"https://addons.cdn.mozilla.net/static/img/addon-icons/default-32.png","64":"https://addons.cdn.mozilla.net/static/img/addon-icons/default-64.png","128":"https://addons.cdn.mozilla.net/static/img/addon-icons/default-128.png"},"name":"Dark-ish Rainbow","version":"1.0","sourceURI":"https://addons.mozilla.org/firefox/downloads/file/3393332/dark_ish_rainbow-1.0-an+fx.xpi?src=","homepageURL":null,"supportURL":null,"description":"A colorful rainbow with a \"dark-ish\" twist.","fullDescription":null,"weeklyDownloads":3563,"type":"theme","creator":{"name":"Ultromeo","url":"https://addons.mozilla.org/ru/firefox/user/13449379/"},"developers":[],"screenshots":[{"url":"https://addons.cdn.mozilla.net/user-media/version-previews/full/2777/2777972.png?modified=1567347173","width":680,"height":92,"thumbnailURL":"https://addons.cdn.mozilla.net/user-media/version-previews/thumbs/2777/2777972.png?modified=1567347173","thumbnailWidth":473,"thumbnailHeight":64},{"url":"https://addons.cdn.mozilla.net/user-media/version-previews/full/2777/2777973.png?modified=1567347174","width":760,"height":92,"thumbnailURL":"https://addons.cdn.mozilla.net/user-media/version-previews/thumbs/2777/2777973.png?modified=1567347174","thumbnailWidth":529,"thumbnailHeight":64},{"url":"https://addons.cdn.mozilla.net/user-media/version-previews/full/2777/2777974.png?modified=1567347175","width":720,"height":92,"thumbnailURL":"https://addons.cdn.mozilla.net/user-media/version-previews/thumbs/2777/2777974.png?modified=1567347175","thumbnailWidth":501,"thumbnailHeight":64}],"contributionURL":"","averageRating":4.5862,"reviewCount":20,"reviewURL":"https://addons.mozilla.org/ru/firefox/addon/dark-ish-rainbow/reviews/","updateDate":1567349422000},{"id":"@contain-facebook","icons":{"32":"https://addons.cdn.mozilla.net/user-media/addon_icons/954/954390-32.png?modified=97d4c956","64":"https://addons.cdn.mozilla.net/user-media/addon_icons/954/954390-64.png?modified=97d4c956","128":"https://addons.cdn.mozilla.net/user-media/addon_icons/954/954390-128.png?modified=97d4c956"},"name":"Facebook Container","version":"2.0.3","sourceURI":"https://addons.mozilla.org/firefox/downloads/file/3414682/facebook_container-2.0.3-fx.xpi?src=","homepageURL":"https://github.com/mozilla/contain-facebook","supportURL":"https://github.com/mozilla/contain-facebook","description":"Prevent Facebook from tracking you around the web. The Facebook Container extension for Firefox helps you take control and isolate your web activity from Facebook.","fullDescription":"What does it do?\nFacebook Container works by isolating your Facebook identity into a separate container that makes it harder for Facebook to track your visits to other websites with third-party cookies.\n\nHow does it work?\nInstalling this extension closes your Facebook tabs, deletes your Facebook cookies, and logs you out of Facebook.\nThe next time you navigate to Facebook it will load in a new blue colored browser tab (the “Container”).\nYou can log in and use Facebook normally when in the Facebook Container. If you click on a non-Facebook link or navigate to a non-Facebook website in the URL bar, these pages will load outside of the container.\nClicking Facebook Share buttons on other browser tabs will load them within the Facebook Container. You should know that using these buttons passes information to Facebook about the website that you shared from.\n\nWhich website features will not function?\nBecause you will be logged into Facebook only in the Container, embedded Facebook comments and Like buttons in tabs outside the Facebook Container will not work. This prevents Facebook from associating information about your activity on websites outside of Facebook to your Facebook identity.\n\nIn addition, websites that allow you to create an account or log in using your Facebook credentials will generally not work properly. Because this extension is designed to separate Facebook use from use of other websites, this behavior is expected.\n\nWhat does Facebook Container NOT protect against?\nIt is important to know that this extension doesn’t prevent Facebook from mishandling the data that it already has, or permitted others to obtain, about you. Facebook still will have access to everything that you do while you are on facebook.com, including your Facebook comments, photo uploads, likes, any data you share with Facebook connected apps, etc.\n\nRather than stop using a service you find valuable, we think you should have tools to limit what data others can obtain. This extension focuses on limiting Facebook tracking, but other ad networks may try to correlate your Facebook activities with your regular browsing. In addition to this extension, you can change your Facebook settings, use Private Browsing, enable Tracking Protection, block third-party cookies, and/or use Firefox Multi-Account Containers extension to further limit tracking.\n\nWhat data does Mozilla receive from this extension?\nMozilla does not collect data from your use of the Facebook Container extension. We do receive the number of times the extension is installed or removed. Learn more\n\nOther Containers\nFacebook Container leverages the Containers feature that is already built in to Firefox. When you enable Facebook Container, you may also see Containers named Personal, Work, Shopping, and Banking while you browse. If you wish to use multiple Containers, you’ll have the best user experience if you install the Firefox Multi-Account Containers extension. Learn more about Containers on our support site.\n\nKnown Issues\nWhen Facebook is open and you navigate to another website using the same tab (by entering an address, doing a search, or clicking a bookmark), the new website will be loaded outside of the Container and you will not be able to navigate back to Facebook using the back button in the browser.\n\nNOTE: If you are a Multi-Account Containers user who has already assigned Facebook to a Container, this extension will not work. In an effort to preserve your existing Container set up and logins, this add-on will not include the additional protection to keep other sites out of your Facebook Container. If you would like this additional protection, first unassign facebook.com in the Multi-Account Container extension, and then install this extension.\n\nWhat version of Firefox do I need for this?\nThis extension works with Firefox 57 and higher on Desktop. Note that it does not work on other browsers and it does not work on Firefox for mobile.\n\nIf you believe you are using Firefox 57+, but the install page is telling you that you are not on a supported browser, you can try installing by selecting or copying and pasting this link. (This may be occurring because you have set a preference or installed an extension that causes your browser to obscure its user agent for privacy or other reasons.)\n\nHow does this compare to the Firefox Multi-Account Containers extension?\nFacebook Container specifically isolates Facebook and works automatically. Firefox Multi-Account Containers is a more general extension that allows you to create containers and determine which sites open in each container.\n\nYou can use Multi-Account Containers to create a container for Facebook and assign facebook.com to it. Multi-Account Containers will then make sure to only open facebook.com in the Facebook Container. However, unlike Facebook Container, Multi-Account Containers doesn’t prevent you from opening non-Facebook sites in your Facebook Container. So users of Multi-Account Containers need to take a bit extra care to make sure they leave the Facebook Container when navigating to other sites. In addition, Facebook Container assigns some Facebook-owned sites like Instagram and Messenger to the Facebook Container. With Multi-Account Containers, you will have to assign these in addition to facebook.com.\n\nFacebook Container also deletes Facebook cookies from your other containers on install and when you restart the browser, to clean up any potential Facebook trackers. Multi-Account Containers does not do that for you.\n\nReport Issues\nIf you come across any issues with this extension, please let us know by filing an issue here. Thank you!","weeklyDownloads":12659,"type":"extension","creator":{"name":"Mozilla","url":"https://addons.mozilla.org/ru/firefox/user/4757633/"},"developers":[],"screenshots":[{"url":"https://addons.cdn.mozilla.net/user-media/previews/full/200/200007.png?modified=1553284978","width":700,"height":525,"thumbnailURL":"https://addons.cdn.mozilla.net/user-media/previews/thumbs/200/200007.png?modified=1553284978","thumbnailWidth":640,"thumbnailHeight":480,"caption":"Contain your Facebook session - and your Facebook identity - so it's harder for Facebook to track you around the web."},{"url":"https://addons.cdn.mozilla.net/user-media/previews/full/216/216775.png?modified=1553284985","width":1167,"height":1800,"thumbnailURL":"https://addons.cdn.mozilla.net/user-media/previews/thumbs/216/216775.png?modified=1553284985","thumbnailWidth":311,"thumbnailHeight":480,"caption":"Fast Company's 2019 Most Innovative Companies honoree for Security. \"In 2018, [Mozilla] also launched tools to protect users from tracking code as they navigate the web, including software to cordon off Facebook from other browser activity.\" https://www.fastcompany.com/company/mozilla"}],"contributionURL":"","averageRating":4.5016,"reviewCount":497,"reviewURL":"https://addons.mozilla.org/ru/firefox/addon/facebook-container/reviews/","updateDate":1569912712000},{"id":"{5caff8cc-3d2e-4110-a88a-003cc85b3858}","icons":{"32":"https://addons.cdn.mozilla.net/user-media/addon_icons/823/823463-32.png?modified=mcrushed","64":"https://addons.cdn.mozilla.net/user-media/addon_icons/823/823463-64.png?modified=mcrushed","128":"https://addons.cdn.mozilla.net/user-media/addon_icons/823/823463-128.png?modified=mcrushed"},"name":"Vue.js devtools","version":"5.3.2","sourceURI":"https://addons.mozilla.org/firefox/downloads/file/3435833/vuejs_devtools-5.3.2-fx.xpi?src=","homepageURL":"https://vuejs.org","supportURL":"https://github.com/vuejs/vue-devtools/issues","description":"DevTools extension for debugging Vue.js applications.","fullDescription":"DevTools for debugging Vue.js applications.","weeklyDownloads":4418,"type":"extension","creator":{"name":"Evan You","url":"https://addons.mozilla.org/ru/firefox/user/13100848/"},"developers":[{"name":"Akryum","url":"https://addons.mozilla.org/ru/firefox/user/13723452/"}],"screenshots":[{"url":"https://addons.cdn.mozilla.net/user-media/previews/full/216/216879.png?modified=1553547547","width":1425,"height":1027,"thumbnailURL":"https://addons.cdn.mozilla.net/user-media/previews/thumbs/216/216879.png?modified=1553547547","thumbnailWidth":640,"thumbnailHeight":461}],"contributionURL":"","averageRating":4.8206,"reviewCount":77,"reviewURL":"https://addons.mozilla.org/ru/firefox/addon/vue-js-devtools/reviews/","updateDate":1572479111000}],"compatOverrides":[]}