{"version":2,"prefs":{"privacy.containers":{"initialValue":{"privacy.userContext.enabled":false,"privacy.userContext.longPressBehavior":0,"privacy.userContext.ui.enabled":false,"privacy.usercontext.about_newtab_segregation.enabled":true,"privacy.userContext.extension":""},"precedenceList":[{"id":"@contain-facebook","installDate":1573713319000,"value":"@contain-facebook","enabled":true}]}},"commands":{},"url_overrides":{},"default_search":{},"homepageNotification":{},"tabHideNotification":{},"newTabNotification":{}}