{"fxmonitor@mozilla.org":{"permissions":["internal:privateBrowsingAllowed"],"origins":[]},"jid1-o2qEVrZ4t5FJWu@jetpack":{"permissions":[],"origins":[]},"{27c3c9d8-95cd-44e6-ae9c-ff537348b9f3}":{"permissions":[],"origins":[]},"webcompat@mozilla.org":{"permissions":["internal:privateBrowsingAllowed"],"origins":[]},"chrome-gnome-shell@gnome.org":{"permissions":["internal:privateBrowsingAllowed"],"origins":[]},"screenshots@mozilla.org":{"permissions":["internal:privateBrowsingAllowed"],"origins":[]},"adb@mozilla.org":{"permissions":["internal:privateBrowsingAllowed"],"origins":[]},"addon@darkreader.org":{"permissions":["internal:privateBrowsingAllowed"],"origins":[]},"formautofill@mozilla.org":{"permissions":["internal:privateBrowsingAllowed"],"origins":[]},"default-theme@mozilla.org":{"permissions":["internal:privateBrowsingAllowed"],"origins":[]},"yandex@search.mozilla.org":{"permissions":["internal:privateBrowsingAllowed"],"origins":[]},"google@search.mozilla.org":{"permissions":["internal:privateBrowsingAllowed"],"origins":[]},"ddg@search.mozilla.org":{"permissions":["internal:privateBrowsingAllowed"],"origins":[]},"ozonru@search.mozilla.org":{"permissions":["internal:privateBrowsingAllowed"],"origins":[]},"priceru@search.mozilla.org":{"permissions":["internal:privateBrowsingAllowed"],"origins":[]},"wikipedia@search.mozilla.org":{"permissions":["internal:privateBrowsingAllowed"],"origins":[]},"mailru@search.mozilla.org":{"permissions":["internal:privateBrowsingAllowed"],"origins":[]},"doh-rollout@mozilla.org":{"permissions":["internal:privateBrowsingAllowed"],"origins":[]},"amazondotcom@search.mozilla.org":{"permissions":["internal:privateBrowsingAllowed"],"origins":[]},"bing@search.mozilla.org":{"permissions":["internal:privateBrowsingAllowed"],"origins":[]},"ebay@search.mozilla.org":{"permissions":["internal:privateBrowsingAllowed"],"origins":[]},"twitter@search.mozilla.org":{"permissions":["internal:privateBrowsingAllowed"],"origins":[]}}