{"defaultHandlersVersion":{"ru":5,"und":4},"mimeTypes":{"application/pdf":{"action":3,"extensions":["pdf"]},"application/x-debian-package":{"action":0,"ask":true,"extensions":["deb","udeb"]},"application/x-xpinstall":{"action":0,"ask":true,"extensions":["xpi"]}},"schemes":{"ircs":{"action":2,"ask":true,"handlers":[null,{"name":"Mibbit","uriTemplate":"https://www.mibbit.com/?url=%s"}]},"mailto":{"action":4,"handlers":[null,{"name":"Яндекс.Почта","uriTemplate":"https://mail.yandex.ru/compose?mailto=%s"},{"name":"Mail.Ru","uriTemplate":"http://win.mail.ru/cgi-bin/sentmsg?mailto=%s"},{"name":"Gmail","uriTemplate":"https://mail.google.com/mail/?extsrc=mailto&url=%s"},{"name":"Mail.Ru","uriTemplate":"https://e.mail.ru/cgi-bin/sentmsg?mailto=%s"},{"name":"Yahoo! Mail","uriTemplate":"https://compose.mail.yahoo.com/?To=%s"}]},"irc":{"action":2,"ask":true,"handlers":[null,{"name":"Mibbit","uriTemplate":"https://www.mibbit.com/?url=%s"}]},"webcal":{"action":2,"ask":true,"handlers":[null,{"name":"Яндекс.Календарь","uriTemplate":"https://calendar.yandex.ru/importics.xml?ics=%s"}]}}}