{"chrome://browser/content/browser.xul":{"main-window":{"screenX":"21","screenY":"32","width":"1103","height":"620","sizemode":"normal"},"toolbar-menubar":{"autohide":"false","currentset":"menubar-items"},"PersonalToolbar":{"collapsed":"false","currentset":"personal-bookmarks"},"TabsToolbar":{"currentset":"tabbrowser-tabs,new-tab-button,alltabs-button"},"nav-bar":{"currentset":"back-button,forward-button,stop-reload-button,home-button,urlbar-container,search-container,history-panelmenu,downloads-button,library-button,sidebar-button,print-button,chrome-gnome-shell_gnome_org-browser-action"},"sidebar-title":{"value":"Закладки"},"sidebar-box":{"sidebarcommand":"viewBookmarksSidebar"}},"chrome://browser/content/sanitize.xul":{"SanitizeDialog":{"screenX":"302","screenY":"108"},"detailsExpander":{"class":"expander-up"},"itemList":{"collapsed":"false"}},"chrome://mozapps/content/downloads/unknownContentType.xul":{"unknownContentType":{"screenX":"279","screenY":"0"}},"chrome://browser/content/browser.xhtml":{"main-window":{"screenX":"45","screenY":"19","width":"683","height":"704","sizemode":"maximized"},"toolbar-menubar":{"autohide":"false","currentset":"menubar-items"},"PersonalToolbar":{"collapsed":"false","currentset":"personal-bookmarks"},"TabsToolbar":{"currentset":"tabbrowser-tabs,new-tab-button,alltabs-button"},"nav-bar":{"currentset":"back-button,forward-button,stop-reload-button,home-button,urlbar-container,search-container,history-panelmenu,downloads-button,library-button,sidebar-button,print-button,chrome-gnome-shell_gnome_org-browser-action"},"sidebar-title":{"value":"Журнал"},"sidebar-box":{"sidebarcommand":"viewHistorySidebar","width":""}},"chrome://webide/content/webide.xul":{"webide":{"screenX":"283","screenY":"67","width":"800","height":"600","sizemode":"normal"}},"chrome://browser/content/places/places.xul":{"placesContentTags":{"ordinal":"3"},"placesContentUrl":{"ordinal":"5"},"placesContentDate":{"ordinal":"7","sortDirection":"descending"},"placesContentVisitCount":{"ordinal":"9"},"placesContentDateAdded":{"ordinal":"11"},"placesContentLastModified":{"ordinal":"13"},"places":{"screenX":"292","screenY":"123","width":"700","height":"500","sizemode":"normal"},"place:parent=toolbar_____":{"open":"true"}},"about:config":{"prefCol":{"ordinal":"1"},"lockCol":{"ordinal":"3"},"typeCol":{"ordinal":"5","sortDirection":"descending"},"valueCol":{"ordinal":"7"}},"chrome://browser/content/pageinfo/pageInfo.xul":{"main-window":{"screenX":"283","screenY":"55","width":"780","height":"610","sizemode":"normal"}}}